<measure>
  <schema_version>3.0</schema_version>
  <name>hvac_setback_error_delayed_onset</name>
  <uid>fa0f7ae0-8ff7-4484-8a91-842a42656284</uid>
  <version_id>11c946bc-f53d-4bd2-a74a-076fe81831a7</version_id>
  <version_modified>20200409T145323Z</version_modified>
  <xml_checksum>2C877DEB</xml_checksum>
  <class_name>HVACSetbackErrorDelayedOnset</class_name>
  <display_name>HVAC Setback Error: Delayed Onset</display_name>
  <description>Thermostat schedules are employed to raise set points for cooling and lower set points for heating at night, to switch fan operation from being continuously on during occupied times to being coupled to cooling or heating demands at other times, and to close ventilation dampers during unoccupied periods. Faults can occur due to malfunctioning, unprogrammed, or incorrectly programmed or scheduled thermostats, leading to increased energy consumption and/or compromised comfort and air quality. This fault is categorized as a fault that occur in the HVAC system (controller) during the operation stage. This fault measure is based on a physical model where certain parameter(s) is changed in EnergyPlus to mimic the faulted operation; thus simulates the effect of overnight HVAC setback being delayed until unoccupied hours by modifying the Schedule:Compact object in EnergyPlus assigned to thermostat set point schedules. The fault intensity (F) defined as the delay in onset of overnight HVAC setback (in hours).</description>
  <modeler_description>Five different user inputs are required to simulate the fault. The measure detects the original (non-faulted) thermostat schedule applied in EnergyPlus automatically, and adjusts the evening schedule based on user inputs. Note that this measure only works for buildings that become unoccupied before midnight. To use this Measure, choose the Zone that is faulted, and the period of time when you want the fault to occur. You should also enter the number of hours that the extension sustains. The measure will detect the thermostat schedule of the automatically, and adjust the evening schedule to the daytime schedule. Note that this measure only works for buildings close before midnight. You also need to choose one day in a week (Monday, Tuesday, .....) to simulate weekly fault occurence.</modeler_description>
  <arguments>
    <argument>
      <name>zone</name>
      <display_name>Zone. Choose * All Zones * if you want to impose the fault in all zones</display_name>
      <type>Choice</type>
      <required>true</required>
      <model_dependent>false</model_dependent>
      <default_value>* All Zones *</default_value>
      <choices>
        <choice>
          <value>* All Zones *</value>
          <display_name>* All Zones *</display_name>
        </choice>
      </choices>
    </argument>
    <argument>
      <name>start_month</name>
      <display_name>Fault active start month</display_name>
      <type>Choice</type>
      <required>true</required>
      <model_dependent>false</model_dependent>
      <default_value>January</default_value>
      <choices>
        <choice>
          <value>January</value>
          <display_name>January</display_name>
        </choice>
        <choice>
          <value>February</value>
          <display_name>February</display_name>
        </choice>
        <choice>
          <value>March</value>
          <display_name>March</display_name>
        </choice>
        <choice>
          <value>April</value>
          <display_name>April</display_name>
        </choice>
        <choice>
          <value>May</value>
          <display_name>May</display_name>
        </choice>
        <choice>
          <value>June</value>
          <display_name>June</display_name>
        </choice>
        <choice>
          <value>July</value>
          <display_name>July</display_name>
        </choice>
        <choice>
          <value>August</value>
          <display_name>August</display_name>
        </choice>
        <choice>
          <value>September</value>
          <display_name>September</display_name>
        </choice>
        <choice>
          <value>October</value>
          <display_name>October</display_name>
        </choice>
        <choice>
          <value>November</value>
          <display_name>November</display_name>
        </choice>
        <choice>
          <value>December</value>
          <display_name>December</display_name>
        </choice>
      </choices>
    </argument>
    <argument>
      <name>end_month</name>
      <display_name>Fault active end month</display_name>
      <type>Choice</type>
      <required>true</required>
      <model_dependent>false</model_dependent>
      <default_value>December</default_value>
      <choices>
        <choice>
          <value>January</value>
          <display_name>January</display_name>
        </choice>
        <choice>
          <value>February</value>
          <display_name>February</display_name>
        </choice>
        <choice>
          <value>March</value>
          <display_name>March</display_name>
        </choice>
        <choice>
          <value>April</value>
          <display_name>April</display_name>
        </choice>
        <choice>
          <value>May</value>
          <display_name>May</display_name>
        </choice>
        <choice>
          <value>June</value>
          <display_name>June</display_name>
        </choice>
        <choice>
          <value>July</value>
          <display_name>July</display_name>
        </choice>
        <choice>
          <value>August</value>
          <display_name>August</display_name>
        </choice>
        <choice>
          <value>September</value>
          <display_name>September</display_name>
        </choice>
        <choice>
          <value>October</value>
          <display_name>October</display_name>
        </choice>
        <choice>
          <value>November</value>
          <display_name>November</display_name>
        </choice>
        <choice>
          <value>December</value>
          <display_name>December</display_name>
        </choice>
      </choices>
    </argument>
    <argument>
      <name>dayofweek</name>
      <display_name>Day of the week</display_name>
      <type>Choice</type>
      <required>true</required>
      <model_dependent>false</model_dependent>
      <default_value>All days</default_value>
      <choices>
        <choice>
          <value>Monday</value>
          <display_name>Monday</display_name>
        </choice>
        <choice>
          <value>Tuesday</value>
          <display_name>Tuesday</display_name>
        </choice>
        <choice>
          <value>Wednesday</value>
          <display_name>Wednesday</display_name>
        </choice>
        <choice>
          <value>Thursday</value>
          <display_name>Thursday</display_name>
        </choice>
        <choice>
          <value>Friday</value>
          <display_name>Friday</display_name>
        </choice>
        <choice>
          <value>Saturday</value>
          <display_name>Saturday</display_name>
        </choice>
        <choice>
          <value>Sunday</value>
          <display_name>Sunday</display_name>
        </choice>
        <choice>
          <value>All days</value>
          <display_name>All days</display_name>
        </choice>
        <choice>
          <value>Weekdays only</value>
          <display_name>Weekdays only</display_name>
        </choice>
        <choice>
          <value>Weekend only</value>
          <display_name>Weekend only</display_name>
        </choice>
      </choices>
    </argument>
    <argument>
      <name>ext_hr</name>
      <display_name>Number of operating hours extended to the evening.</display_name>
      <type>Double</type>
      <required>true</required>
      <model_dependent>false</model_dependent>
      <default_value>1</default_value>
    </argument>
    <argument>
      <name>ext_hr_airloop</name>
      <display_name>Extend Air Loop Availability with same intensity as thermostat setpoint</display_name>
      <type>Boolean</type>
      <required>true</required>
      <model_dependent>false</model_dependent>
      <default_value>true</default_value>
      <choices>
        <choice>
          <value>true</value>
          <display_name>true</display_name>
        </choice>
        <choice>
          <value>false</value>
          <display_name>false</display_name>
        </choice>
      </choices>
    </argument>
  </arguments>
  <outputs/>
  <provenances/>
  <tags>
    <tag>HVAC.HVAC Controls</tag>
  </tags>
  <attributes>
    <attribute>
      <name>Measure Type</name>
      <value>ModelMeasure</value>
      <datatype>string</datatype>
    </attribute>
    <attribute>
      <name>Uses SketchUp API</name>
      <value>false</value>
      <datatype>boolean</datatype>
    </attribute>
  </attributes>
  <files>
    <file>
      <filename>global_const.rb</filename>
      <filetype>rb</filetype>
      <usage_type>resource</usage_type>
      <checksum>C16CED49</checksum>
    </file>
    <file>
      <filename>misc_arguments.rb</filename>
      <filetype>rb</filetype>
      <usage_type>resource</usage_type>
      <checksum>AC509FB1</checksum>
    </file>
    <file>
      <version>
        <software_program>OpenStudio</software_program>
        <identifier>1.4.0</identifier>
        <min_compatible>2.5.0</min_compatible>
      </version>
      <filename>measure.rb</filename>
      <filetype>rb</filetype>
      <usage_type>script</usage_type>
      <checksum>6432FC0C</checksum>
    </file>
    <file>
      <filename>misc_run_week_exteveninghr.rb</filename>
      <filetype>rb</filetype>
      <usage_type>resource</usage_type>
      <checksum>111B81B6</checksum>
    </file>
    <file>
      <filename>fdd_thermostat_hvac.rb</filename>
      <filetype>rb</filetype>
      <usage_type>resource</usage_type>
      <checksum>14FC22EF</checksum>
    </file>
    <file>
      <filename>README.md</filename>
      <filetype>md</filetype>
      <usage_type>readme</usage_type>
      <checksum>B9C99A1A</checksum>
    </file>
  </files>
</measure>
