<measure>
  <schema_version>3.0</schema_version>
  <name>biased_economizer_sensor_mixed_t</name>
  <uid>3a9ab8b0-6fe8-4395-9f3e-57726ae4edaa</uid>
  <version_id>fbf27f32-9629-4fea-9f58-23e08f889e45</version_id>
  <version_modified>20200409T145322Z</version_modified>
  <xml_checksum>B7427881</xml_checksum>
  <class_name>BiasedEconomizerSensorMixedT</class_name>
  <display_name>Biased Economizer Sensor: Mixed Temperature</display_name>
  <description>When sensors drift and are not regularly calibrated, it causes a bias. Sensor readings often drift from their calibration with age, causing equipment control algorithms to produce outputs that deviate from their intended function. This fault is categorized as a fault that occur in the economizer system (sensor) during the operation stage. This fault measure is based on a physical model where certain parameter(s) is changed in EnergyPlus to mimic the faulted operation; thus simulates the biased economizer sensor (mixed air temperature) by modifying the SetpointManager object assigned to the economizer. The fault intensity (F) is defined as the biased temperature level (K). A positive number means that the sensor is reading a temperature higher than the true temperature.</description>
  <modeler_description>Two user inputs are required and, based on these user inputs, the setpoint temperature at the mixed air temperature node will be replaced by the following equation, Tma_setpoint,F, = Tma_setpoint – F, where Tma_setpoint,F is the mixed air temperature setpoint affected by the bias, Tma_setpoint is the actual mixed air temperature setpoint, and F is the fault intensity. To use this Measure, choose the Controller:OutdoorAir object to be faulted. Set the level of temperature sensor bias that you want at the mixed air duct for the economizer during the simulation period. Positive value of F means sensor is reading higher value than the actual temperature. The algorithm checks if a real sensor exists in the mixed air chamber, and set up the bias at the sensor appropriately if it exists. For instance, SetpointManager:MixedAir does not model a real temperature sensor in the mixed air chamber, and will not be affected by this model.</modeler_description>
  <arguments>
    <argument>
      <name>econ_choice</name>
      <display_name>Choice of economizers.</display_name>
      <type>Choice</type>
      <required>true</required>
      <model_dependent>false</model_dependent>
    </argument>
    <argument>
      <name>mix_temp_bias</name>
      <display_name>Enter the bias level of the mixed air temperature sensor. A positive number means that the sensor is reading a temperature higher than the true temperature. (K)</display_name>
      <type>Double</type>
      <required>false</required>
      <model_dependent>false</model_dependent>
      <default_value>2</default_value>
    </argument>
  </arguments>
  <outputs/>
  <provenances/>
  <tags>
    <tag>HVAC.HVAC Controls</tag>
  </tags>
  <attributes>
    <attribute>
      <name>Measure Type</name>
      <value>EnergyPlusMeasure</value>
      <datatype>string</datatype>
    </attribute>
    <attribute>
      <name>Intended Software Tool</name>
      <value>OpenStudio Application</value>
      <datatype>string</datatype>
    </attribute>
    <attribute>
      <name>Intended Software Tool</name>
      <value>Parametric Analysis Tool</value>
      <datatype>string</datatype>
    </attribute>
    <attribute>
      <name>Intended Software Tool</name>
      <value>Analysis Spreadsheet</value>
      <datatype>string</datatype>
    </attribute>
  </attributes>
  <files>
    <file>
      <version>
        <software_program>OpenStudio</software_program>
        <identifier>1.5.0</identifier>
        <min_compatible>1.5.0</min_compatible>
      </version>
      <filename>measure.rb</filename>
      <filetype>rb</filetype>
      <usage_type>script</usage_type>
      <checksum>729A5FA2</checksum>
    </file>
    <file>
      <filename>README.md</filename>
      <filetype>md</filetype>
      <usage_type>readme</usage_type>
      <checksum>F98B3F49</checksum>
    </file>
  </files>
</measure>
