<measure>
  <schema_version>3.0</schema_version>
  <name>condenser_fan_degradation</name>
  <uid>78fd31ab-ff52-4260-b680-c2c75dfd31dc</uid>
  <version_id>4ee08575-e368-46d4-975c-6aef1fe4970d</version_id>
  <version_modified>20200409T145323Z</version_modified>
  <xml_checksum>CBC45526</xml_checksum>
  <class_name>CondenserFanDegradation</class_name>
  <display_name>Condenser Fan Degradation</display_name>
  <description>Motor efficiency degrades when a motor suffers from a bearing or a stator winding fault. This fault causes the motor to draw higher electrical current without changing the fluid flow. Both a bearing fault and a stator winding fault can be modeled by increasing the power consumption of the condenser fan without changing the airflow of the condenser fan. This fault is categorized as a fault that occur in the vapor compression system during the operation stage. This fault measure is based on an empirical model and simulates the condenser fan degradation by modifying the Coil:Cooling:DX:SingleSpeed object in EnergyPlus assigned to the heating and cooling system. The fault intensity (F) is defined as the reduction in motor efficiency as a fraction of the non-faulted motor efficiency with the application range of 0 to 0.3 (30% degradation).</description>
  <modeler_description>Three user inputs are required and, based on these user inputs, the EIR in the DX cooling coil model is recalculated to reflect the faulted operation as shown in the equation below, EIR_F/EIR=1+(W ̇_fan/W ̇_cool)*(F/(1-F)), where EIR_F is the faulted EIR, W ̇_fan is the fan power, W ̇_cool is the DX  coil power, and F is the fault intensity. This fault model also requires the ratio of condenser fan power to the power consumption of compressor and condenser fan as a user input parameter.</modeler_description>
  <arguments>
    <argument>
      <name>coil_choice</name>
      <display_name>Enter the name of the faulted Coil:Cooling:DX:SingleSpeed object. If you want to impose the fault on all coils, select * ALL Coil Selected *</display_name>
      <type>Choice</type>
      <required>true</required>
      <model_dependent>false</model_dependent>
      <default_value>* ALL Coil Selected *</default_value>
      <choices>
        <choice>
          <value>* ALL Coil Selected *</value>
          <display_name>* ALL Coil Selected *</display_name>
        </choice>
      </choices>
    </argument>
    <argument>
      <name>fault_lvl</name>
      <display_name>Fan motor efficiency degradation ratio [-]</display_name>
      <type>Double</type>
      <required>false</required>
      <model_dependent>false</model_dependent>
      <default_value>0.5</default_value>
    </argument>
    <argument>
      <name>fan_power_ratio</name>
      <display_name>Ratio of condenser fan motor power consumption to combined power consumption of condenser fan and compressor at rated condition.</display_name>
      <type>Double</type>
      <required>false</required>
      <model_dependent>false</model_dependent>
      <default_value>0.091747081</default_value>
    </argument>
    <argument>
      <name>time_constant</name>
      <display_name>Enter the time required for fault to reach full level [hr]</display_name>
      <type>Double</type>
      <required>false</required>
      <model_dependent>false</model_dependent>
      <default_value>0</default_value>
    </argument>
    <argument>
      <name>start_month</name>
      <display_name>Enter the month (1-12) when the fault starts to occur</display_name>
      <type>Double</type>
      <required>false</required>
      <model_dependent>false</model_dependent>
      <default_value>1</default_value>
    </argument>
    <argument>
      <name>start_date</name>
      <display_name>Enter the date (1-28/30/31) when the fault starts to occur</display_name>
      <type>Double</type>
      <required>false</required>
      <model_dependent>false</model_dependent>
      <default_value>1</default_value>
    </argument>
    <argument>
      <name>start_time</name>
      <display_name>Enter the time of day (0-24) when the fault starts to occur</display_name>
      <type>Double</type>
      <required>false</required>
      <model_dependent>false</model_dependent>
      <default_value>0</default_value>
    </argument>
    <argument>
      <name>end_month</name>
      <display_name>Enter the month (1-12) when the fault ends</display_name>
      <type>Double</type>
      <required>false</required>
      <model_dependent>false</model_dependent>
      <default_value>12</default_value>
    </argument>
    <argument>
      <name>end_date</name>
      <display_name>Enter the date (1-28/30/31) when the fault ends</display_name>
      <type>Double</type>
      <required>false</required>
      <model_dependent>false</model_dependent>
      <default_value>31</default_value>
    </argument>
    <argument>
      <name>end_time</name>
      <display_name>Enter the time of day (0-24) when the fault ends</display_name>
      <type>Double</type>
      <required>false</required>
      <model_dependent>false</model_dependent>
      <default_value>23</default_value>
    </argument>
  </arguments>
  <outputs/>
  <provenances/>
  <tags>
    <tag>HVAC.Cooling</tag>
  </tags>
  <attributes>
    <attribute>
      <name>Measure Type</name>
      <value>EnergyPlusMeasure</value>
      <datatype>string</datatype>
    </attribute>
    <attribute>
      <name>Intended Software Tool</name>
      <value>OpenStudio Application</value>
      <datatype>string</datatype>
    </attribute>
    <attribute>
      <name>Intended Software Tool</name>
      <value>Parametric Analysis Tool</value>
      <datatype>string</datatype>
    </attribute>
    <attribute>
      <name>Intended Software Tool</name>
      <value>Analysis Spreadsheet</value>
      <datatype>string</datatype>
    </attribute>
  </attributes>
  <files>
    <file>
      <filename>TransferCurveParameters.rb</filename>
      <filetype>rb</filetype>
      <usage_type>resource</usage_type>
      <checksum>627EF985</checksum>
    </file>
    <file>
      <filename>transfercurveparameters.rb</filename>
      <filetype>rb</filetype>
      <usage_type>resource</usage_type>
      <checksum>627EF985</checksum>
    </file>
    <file>
      <filename>misc_eplus_func.rb</filename>
      <filetype>rb</filetype>
      <usage_type>resource</usage_type>
      <checksum>435C6B82</checksum>
    </file>
    <file>
      <filename>FaultDefinitions.rb</filename>
      <filetype>rb</filetype>
      <usage_type>resource</usage_type>
      <checksum>9DC8C074</checksum>
    </file>
    <file>
      <filename>faultdefinitions.rb</filename>
      <filetype>rb</filetype>
      <usage_type>resource</usage_type>
      <checksum>9DC8C074</checksum>
    </file>
    <file>
      <filename>faultcalculationcoilcoolingdx_CFD.rb</filename>
      <filetype>rb</filetype>
      <usage_type>resource</usage_type>
      <checksum>AC1E90A3</checksum>
    </file>
    <file>
      <version>
        <software_program>OpenStudio</software_program>
        <identifier>1.5.0</identifier>
        <min_compatible>1.5.0</min_compatible>
      </version>
      <filename>measure.rb</filename>
      <filetype>rb</filetype>
      <usage_type>script</usage_type>
      <checksum>22ABB193</checksum>
    </file>
    <file>
      <filename>README.md</filename>
      <filetype>md</filetype>
      <usage_type>readme</usage_type>
      <checksum>B4134511</checksum>
    </file>
  </files>
</measure>
