{
  "classname": "AirTerminalSupplyDownstreamLeakToReturn",
  "name": "air_terminal_supply_downstream_leak_to_return",
  "display_name": "Air Terminal Supply Downstream Leak to Return",
  "measure_type": "EnergyPlusMeasure",
  "arguments": [
    {
      "local_variable": "airterminal_choice",
      "variable_type": "String",
      "name": "airterminal_choice",
      "display_name": "Enter the name of the faulted AirTerminal object",
      "units": null,
      "description": null,
      "default_value": ""
    },
    {
      "local_variable": "leak_ratio",
      "variable_type": "Double",
      "name": "leak_ratio",
      "display_name": "Ratio of leak airflow between 0 and 0",
      "units": null,
      "description": null,
      "default_value": 0.1
    }
  ],
  "name_xml": "air_terminal_supply_downstream_leak_to_return",
  "uid": "8d568a70-080d-4f27-97f5-5210ff639652",
  "version_id": "a1ef3c3e-75a6-4579-9774-eec1d467ea34",
  "modeler_description": "To use this Measure, choose the Coil:Cooling:DX:SingleSpeed object to be faulted and a fault level. Define the fault level as the ratio of the amount of refrigerant inside the object to the charge level recommended by the manufacturer. If the fault level is outside the range of zero and one, an error will occur.",
  "description": "This Measure simulates the effect of air leakages from the supply to return air without going into the zone.",
  "tags": [
    "HVAC.Ventilation"
  ]
}