<measure>
  <schema_version>3.0</schema_version>
  <name>excessive_infiltration</name>
  <uid>d8161857-8b77-4e1a-a76c-ae5deab7c1e0</uid>
  <version_id>277e2b1c-e8fb-4331-baf9-a60981e368fd</version_id>
  <version_modified>20200409T145323Z</version_modified>
  <xml_checksum>EACB548E</xml_checksum>
  <class_name>ExcessiveInfiltration</class_name>
  <display_name>Excessive Infiltration</display_name>
  <description>Excessive infiltration around the building envelope occurs by the unintentional introduction of outside air into a building, typically through cracks in the building envelope and through use of windows and doors. Infiltration is driven by pressure differences between indoors and outdoors of the building caused by wind and by air buoyancy forces known commonly as the stack effect. Excessive infiltration can affect thermal comfort, indoor air quality, heating and cooling demand, and moisture damage of building envelope components. This fault is categorized as a fault that occur in the building envelope during the operation stage. This fault measure is based on a physical model where certain parameter(s) is changed in EnergyPlus to mimic the faulted operation; thus simulates an excessive infiltration by modifying ZoneInfiltration:DesignFlowRate or ZoneInfiltration:EffectiveLeakageArea objects in EnergyPlus. The fault intensity (F) is defined as the ratio of excessive infiltration around the building envelope compared to the non-faulted condition.</description>
  <modeler_description>The user input of the ratio of excessive infiltration is applied to one of either four variables (Design Flow Rate, Flow per Zone Floor Area, Flow per Exterior Surface Area, Air Changes per Hour) in ZoneInfiltration:DesignFlowRate object and one variable (Effective Air Leakage Area) in ZoneInfiltration:EffectiveLeakageArea depending on the user’s choice of infiltration implementation method to impose fault over the original (non-faulted) configuration. The modified value (Infil_m) is calculated as Infil_m = Infil_o * (1+F), where Infil_o is the original value defined in the infiltration object and F is the ratio of excessive infiltration. The time required for the fault to reach the full level is only required when the user wants to model fault evolution. If the fault evolution is not necessary for the user, it can be defined as zero and F will be imposed as a step function with the user defined value. However, by defining the time required for the fault to reach the full level, fault starting month/date/time and fault ending month/date/time, the adjustment factor AF is calculated at each time step starting from the starting month/date/time to gradually impose F based on the user specified time frame. AF is calculated as follows, AF_current = AF_previous + dt/tau where AF_current is the adjustment factor calculated based on the previously calculated adjustment factor (AF_previous), simulation timestep (dt) and the time required for the fault to reach the full level (tau).</modeler_description>
  <arguments>
    <argument>
      <name>thermalzone</name>
      <display_name>Apply the Measure to a Specific Space Type or to the Entire Model.</display_name>
      <type>Choice</type>
      <required>true</required>
      <model_dependent>false</model_dependent>
      <default_value>*Entire Building*</default_value>
      <choices>
        <choice>
          <value>{11ff5a81-9aa2-4fc2-ab73-1f31a9020bbe}</value>
          <display_name>*Entire Building*</display_name>
        </choice>
      </choices>
    </argument>
    <argument>
      <name>space_infiltration_increase_ratio</name>
      <display_name>Ratio of excessive infiltration around the building envelope compared to the non-faulted condition (0-1).</display_name>
      <type>Double</type>
      <required>true</required>
      <model_dependent>false</model_dependent>
      <default_value>0.2</default_value>
    </argument>
    <argument>
      <name>time_constant</name>
      <display_name>Enter the time required for fault to reach full level [hr]</display_name>
      <type>Double</type>
      <required>false</required>
      <model_dependent>false</model_dependent>
      <default_value>0</default_value>
    </argument>
    <argument>
      <name>start_month</name>
      <display_name>Enter the month (1-12) when the fault starts to occur</display_name>
      <type>Double</type>
      <required>false</required>
      <model_dependent>false</model_dependent>
      <default_value>6</default_value>
    </argument>
    <argument>
      <name>start_date</name>
      <display_name>Enter the date (1-28/30/31) when the fault starts to occur</display_name>
      <type>Double</type>
      <required>false</required>
      <model_dependent>false</model_dependent>
      <default_value>1</default_value>
    </argument>
    <argument>
      <name>start_time</name>
      <display_name>Enter the time of day (0-24) when the fault starts to occur</display_name>
      <type>Double</type>
      <required>false</required>
      <model_dependent>false</model_dependent>
      <default_value>9</default_value>
    </argument>
    <argument>
      <name>end_month</name>
      <display_name>Enter the month (1-12) when the fault ends</display_name>
      <type>Double</type>
      <required>false</required>
      <model_dependent>false</model_dependent>
      <default_value>12</default_value>
    </argument>
    <argument>
      <name>end_date</name>
      <display_name>Enter the date (1-28/30/31) when the fault ends</display_name>
      <type>Double</type>
      <required>false</required>
      <model_dependent>false</model_dependent>
      <default_value>31</default_value>
    </argument>
    <argument>
      <name>end_time</name>
      <display_name>Enter the time of day (0-24) when the fault ends</display_name>
      <type>Double</type>
      <required>false</required>
      <model_dependent>false</model_dependent>
      <default_value>23</default_value>
    </argument>
  </arguments>
  <outputs/>
  <provenances/>
  <tags>
    <tag>Envelope.Infiltration</tag>
  </tags>
  <attributes>
    <attribute>
      <name>Measure Type</name>
      <value>ModelMeasure</value>
      <datatype>string</datatype>
    </attribute>
    <attribute>
      <name>Uses SketchUp API</name>
      <value>false</value>
      <datatype>boolean</datatype>
    </attribute>
  </attributes>
  <files>
    <file>
      <filename>faultimplementation_EI.rb</filename>
      <filetype>rb</filetype>
      <usage_type>resource</usage_type>
      <checksum>6AD759F2</checksum>
    </file>
    <file>
      <version>
        <software_program>OpenStudio</software_program>
        <identifier>1.0.5</identifier>
        <min_compatible>1.0.5</min_compatible>
      </version>
      <filename>measure.rb</filename>
      <filetype>rb</filetype>
      <usage_type>script</usage_type>
      <checksum>DCD31E42</checksum>
    </file>
    <file>
      <filename>README.md</filename>
      <filetype>md</filetype>
      <usage_type>readme</usage_type>
      <checksum>53AD8C77</checksum>
    </file>
  </files>
</measure>
