<measure>
  <schema_version>3.0</schema_version>
  <name>improper_time_delay_setting_in_occupancy_sensors</name>
  <uid>80bceaba-6cd1-43ba-b322-4ad17e72e22a</uid>
  <version_id>5ccd8d0d-8ed8-47fd-adea-f22e2130e157</version_id>
  <version_modified>20200409T145324Z</version_modified>
  <xml_checksum>9B7BB4D8</xml_checksum>
  <class_name>ImproperTimeDelaySettingInOccupancySensors</class_name>
  <display_name>Improper Time Delay Setting in Occupancy Sensors</display_name>
  <description>Compared to scheduled lighting operation, using an occupancy sensor for the lighting control is more suitable when the space is intermittently occupied. In other words, when the space is left with the lights on for large amount of portion throughout the day, it is better to use the occupancy sensor to save the lighting energy consumption. However, setting a time delay in the occupancy sensor is a trade-off between occupant’s visual discomfort and energy savings. If the time delay is too short, chances increase for energy savings. But on the other side, lights being on and off too often increases visual discomfort for occupants in the space. 15 minutes of time delay is common in the real application, however, the setting can be improperly implemented in the field. This fault measure is based on a physical model where certain parameter(s) is changed in EnergyPlus to mimic the faulted operation; thus simulates the effect of an improper time delay setting in occupancy sensors by modifying the Schedule:Compact object in EnergyPlus assigned to lighting schedules. This fault is categorized as a fault that occur in the lighting system (controller) during the operation stage. The fault intensity (F) is defined as the delayed time setting (in hours).</description>
  <modeler_description>The measure detects the original occupancy schedule applied in EnergyPlus, and adjusts the lighting schedule assigned to the selected zone according to the occupancy schedule with the time delay applied based on the user inputs. Five different user inputs are required to simulate the fault; zone where the fault occurs; starting month of the faulted operation, ending month of the faulted operation, day of the week when the fault occurs, time delay in hours.</modeler_description>
  <arguments>
    <argument>
      <name>zone</name>
      <display_name>Zone. Choose * All Zones * if you want to impose the fault in all zones</display_name>
      <type>Choice</type>
      <required>true</required>
      <model_dependent>false</model_dependent>
      <default_value>* All Zones *</default_value>
      <choices>
        <choice>
          <value>* All Zones *</value>
          <display_name>* All Zones *</display_name>
        </choice>
      </choices>
    </argument>
    <argument>
      <name>start_month</name>
      <display_name>Fault active start month</display_name>
      <type>Choice</type>
      <required>true</required>
      <model_dependent>false</model_dependent>
      <default_value>January</default_value>
      <choices>
        <choice>
          <value>January</value>
          <display_name>January</display_name>
        </choice>
        <choice>
          <value>February</value>
          <display_name>February</display_name>
        </choice>
        <choice>
          <value>March</value>
          <display_name>March</display_name>
        </choice>
        <choice>
          <value>April</value>
          <display_name>April</display_name>
        </choice>
        <choice>
          <value>May</value>
          <display_name>May</display_name>
        </choice>
        <choice>
          <value>June</value>
          <display_name>June</display_name>
        </choice>
        <choice>
          <value>July</value>
          <display_name>July</display_name>
        </choice>
        <choice>
          <value>August</value>
          <display_name>August</display_name>
        </choice>
        <choice>
          <value>September</value>
          <display_name>September</display_name>
        </choice>
        <choice>
          <value>October</value>
          <display_name>October</display_name>
        </choice>
        <choice>
          <value>November</value>
          <display_name>November</display_name>
        </choice>
        <choice>
          <value>December</value>
          <display_name>December</display_name>
        </choice>
      </choices>
    </argument>
    <argument>
      <name>end_month</name>
      <display_name>Fault active end month</display_name>
      <type>Choice</type>
      <required>true</required>
      <model_dependent>false</model_dependent>
      <default_value>December</default_value>
      <choices>
        <choice>
          <value>January</value>
          <display_name>January</display_name>
        </choice>
        <choice>
          <value>February</value>
          <display_name>February</display_name>
        </choice>
        <choice>
          <value>March</value>
          <display_name>March</display_name>
        </choice>
        <choice>
          <value>April</value>
          <display_name>April</display_name>
        </choice>
        <choice>
          <value>May</value>
          <display_name>May</display_name>
        </choice>
        <choice>
          <value>June</value>
          <display_name>June</display_name>
        </choice>
        <choice>
          <value>July</value>
          <display_name>July</display_name>
        </choice>
        <choice>
          <value>August</value>
          <display_name>August</display_name>
        </choice>
        <choice>
          <value>September</value>
          <display_name>September</display_name>
        </choice>
        <choice>
          <value>October</value>
          <display_name>October</display_name>
        </choice>
        <choice>
          <value>November</value>
          <display_name>November</display_name>
        </choice>
        <choice>
          <value>December</value>
          <display_name>December</display_name>
        </choice>
      </choices>
    </argument>
    <argument>
      <name>dayofweek</name>
      <display_name>Day of the week</display_name>
      <type>Choice</type>
      <required>true</required>
      <model_dependent>false</model_dependent>
      <default_value>All days</default_value>
      <choices>
        <choice>
          <value>Monday</value>
          <display_name>Monday</display_name>
        </choice>
        <choice>
          <value>Tuesday</value>
          <display_name>Tuesday</display_name>
        </choice>
        <choice>
          <value>Wednesday</value>
          <display_name>Wednesday</display_name>
        </choice>
        <choice>
          <value>Thursday</value>
          <display_name>Thursday</display_name>
        </choice>
        <choice>
          <value>Friday</value>
          <display_name>Friday</display_name>
        </choice>
        <choice>
          <value>Saturday</value>
          <display_name>Saturday</display_name>
        </choice>
        <choice>
          <value>Sunday</value>
          <display_name>Sunday</display_name>
        </choice>
        <choice>
          <value>All days</value>
          <display_name>All days</display_name>
        </choice>
        <choice>
          <value>Weekdays only</value>
          <display_name>Weekdays only</display_name>
        </choice>
        <choice>
          <value>Weekend only</value>
          <display_name>Weekend only</display_name>
        </choice>
      </choices>
    </argument>
    <argument>
      <name>ext_hr</name>
      <display_name>Number of operating hours delayed.</display_name>
      <type>Double</type>
      <required>true</required>
      <model_dependent>false</model_dependent>
      <default_value>1</default_value>
    </argument>
  </arguments>
  <outputs/>
  <provenances/>
  <tags>
    <tag>Electric Lighting.Electric Lighting Controls</tag>
  </tags>
  <attributes>
    <attribute>
      <name>Measure Type</name>
      <value>ModelMeasure</value>
      <datatype>string</datatype>
    </attribute>
    <attribute>
      <name>Uses SketchUp API</name>
      <value>false</value>
      <datatype>boolean</datatype>
    </attribute>
  </attributes>
  <files>
    <file>
      <filename>global_const.rb</filename>
      <filetype>rb</filetype>
      <usage_type>resource</usage_type>
      <checksum>C16CED49</checksum>
    </file>
    <file>
      <filename>misc_arguments.rb</filename>
      <filetype>rb</filetype>
      <usage_type>resource</usage_type>
      <checksum>AC509FB1</checksum>
    </file>
    <file>
      <version>
        <software_program>OpenStudio</software_program>
        <identifier>1.4.0</identifier>
        <min_compatible>2.5.0</min_compatible>
      </version>
      <filename>measure.rb</filename>
      <filetype>rb</filetype>
      <usage_type>script</usage_type>
      <checksum>248FF5E6</checksum>
    </file>
    <file>
      <filename>misc_run_week_exteveninghr.rb</filename>
      <filetype>rb</filetype>
      <usage_type>resource</usage_type>
      <checksum>111B81B6</checksum>
    </file>
    <file>
      <filename>fdd_thermostat_occ.rb</filename>
      <filetype>rb</filetype>
      <usage_type>resource</usage_type>
      <checksum>54F76A4D</checksum>
    </file>
    <file>
      <filename>README.md</filename>
      <filetype>md</filetype>
      <usage_type>readme</usage_type>
      <checksum>160A585B</checksum>
    </file>
  </files>
</measure>
