<measure>
  <schema_version>3.0</schema_version>
  <name>lighting_setback_error_early_termination</name>
  <uid>4068e01b-f572-4805-9d49-a5067c5246ff</uid>
  <version_id>5f761fe4-dfd6-4897-8a44-2035fedda07e</version_id>
  <version_modified>20200409T145324Z</version_modified>
  <xml_checksum>9B7BB4D8</xml_checksum>
  <class_name>LightingSetbackErrorEarlyTermination</class_name>
  <display_name>Lighting Setback Error: Early Termination</display_name>
  <description>Lighting should be turned off or at least reduced during unoccupied hours. However, some commissioning studies have found noticeable lighting energy use at night either because lighting schedules are improperly configured or occupants forget to turn off lights when vacating a building. This fault is categorized as a fault that occur in the lighting system (controller) during the operation stage. This fault measure is based on a physical model where certain parameter(s) is changed in EnergyPlus to mimic the faulted operation; thus simulates the effect of the lighting setback being terminated earlier during unoccupied hours by modifying the Schedule:Compact object in EnergyPlus assigned to lighting schedules. The fault intensity (F) is defined as the early termination of overnight lighting setback (in hours).</description>
  <modeler_description>Five different user inputs are required; zone where the fault occurs, starting month of the faulted operation, ending month of the faulted operation, day of the week when the fault occurs, delayed time in hours. The measure detects the original (non-faulted) lighting schedule applied in EnergyPlus automatically, and adjusts the schedule based on user inputs.</modeler_description>
  <arguments>
    <argument>
      <name>zone</name>
      <display_name>Zone. Choose * All Zones * if you want to impose the fault in all zones</display_name>
      <type>Choice</type>
      <required>true</required>
      <model_dependent>false</model_dependent>
      <default_value>* All Zones *</default_value>
      <choices>
        <choice>
          <value>* All Zones *</value>
          <display_name>* All Zones *</display_name>
        </choice>
      </choices>
    </argument>
    <argument>
      <name>start_month</name>
      <display_name>Fault active start month</display_name>
      <type>Choice</type>
      <required>true</required>
      <model_dependent>false</model_dependent>
      <default_value>January</default_value>
      <choices>
        <choice>
          <value>January</value>
          <display_name>January</display_name>
        </choice>
        <choice>
          <value>February</value>
          <display_name>February</display_name>
        </choice>
        <choice>
          <value>March</value>
          <display_name>March</display_name>
        </choice>
        <choice>
          <value>April</value>
          <display_name>April</display_name>
        </choice>
        <choice>
          <value>May</value>
          <display_name>May</display_name>
        </choice>
        <choice>
          <value>June</value>
          <display_name>June</display_name>
        </choice>
        <choice>
          <value>July</value>
          <display_name>July</display_name>
        </choice>
        <choice>
          <value>August</value>
          <display_name>August</display_name>
        </choice>
        <choice>
          <value>September</value>
          <display_name>September</display_name>
        </choice>
        <choice>
          <value>October</value>
          <display_name>October</display_name>
        </choice>
        <choice>
          <value>November</value>
          <display_name>November</display_name>
        </choice>
        <choice>
          <value>December</value>
          <display_name>December</display_name>
        </choice>
      </choices>
    </argument>
    <argument>
      <name>end_month</name>
      <display_name>Fault active end month</display_name>
      <type>Choice</type>
      <required>true</required>
      <model_dependent>false</model_dependent>
      <default_value>December</default_value>
      <choices>
        <choice>
          <value>January</value>
          <display_name>January</display_name>
        </choice>
        <choice>
          <value>February</value>
          <display_name>February</display_name>
        </choice>
        <choice>
          <value>March</value>
          <display_name>March</display_name>
        </choice>
        <choice>
          <value>April</value>
          <display_name>April</display_name>
        </choice>
        <choice>
          <value>May</value>
          <display_name>May</display_name>
        </choice>
        <choice>
          <value>June</value>
          <display_name>June</display_name>
        </choice>
        <choice>
          <value>July</value>
          <display_name>July</display_name>
        </choice>
        <choice>
          <value>August</value>
          <display_name>August</display_name>
        </choice>
        <choice>
          <value>September</value>
          <display_name>September</display_name>
        </choice>
        <choice>
          <value>October</value>
          <display_name>October</display_name>
        </choice>
        <choice>
          <value>November</value>
          <display_name>November</display_name>
        </choice>
        <choice>
          <value>December</value>
          <display_name>December</display_name>
        </choice>
      </choices>
    </argument>
    <argument>
      <name>dayofweek</name>
      <display_name>Day of the week</display_name>
      <type>Choice</type>
      <required>true</required>
      <model_dependent>false</model_dependent>
      <default_value>All days</default_value>
      <choices>
        <choice>
          <value>Monday</value>
          <display_name>Monday</display_name>
        </choice>
        <choice>
          <value>Tuesday</value>
          <display_name>Tuesday</display_name>
        </choice>
        <choice>
          <value>Wednesday</value>
          <display_name>Wednesday</display_name>
        </choice>
        <choice>
          <value>Thursday</value>
          <display_name>Thursday</display_name>
        </choice>
        <choice>
          <value>Friday</value>
          <display_name>Friday</display_name>
        </choice>
        <choice>
          <value>Saturday</value>
          <display_name>Saturday</display_name>
        </choice>
        <choice>
          <value>Sunday</value>
          <display_name>Sunday</display_name>
        </choice>
        <choice>
          <value>All days</value>
          <display_name>All days</display_name>
        </choice>
        <choice>
          <value>Weekdays only</value>
          <display_name>Weekdays only</display_name>
        </choice>
        <choice>
          <value>Weekend only</value>
          <display_name>Weekend only</display_name>
        </choice>
      </choices>
    </argument>
    <argument>
      <name>ext_hr</name>
      <display_name>Number of operating hours extended to the morning.</display_name>
      <type>Double</type>
      <required>true</required>
      <model_dependent>false</model_dependent>
      <default_value>1</default_value>
    </argument>
  </arguments>
  <outputs/>
  <provenances/>
  <tags>
    <tag>Electric Lighting.Electric Lighting Controls</tag>
  </tags>
  <attributes>
    <attribute>
      <name>Measure Type</name>
      <value>ModelMeasure</value>
      <datatype>string</datatype>
    </attribute>
    <attribute>
      <name>Uses SketchUp API</name>
      <value>false</value>
      <datatype>boolean</datatype>
    </attribute>
  </attributes>
  <files>
    <file>
      <filename>global_const.rb</filename>
      <filetype>rb</filetype>
      <usage_type>resource</usage_type>
      <checksum>C16CED49</checksum>
    </file>
    <file>
      <filename>misc_arguments.rb</filename>
      <filetype>rb</filetype>
      <usage_type>resource</usage_type>
      <checksum>AC509FB1</checksum>
    </file>
    <file>
      <filename>misc_run_week_extmorninghr.rb</filename>
      <filetype>rb</filetype>
      <usage_type>resource</usage_type>
      <checksum>652BFEE8</checksum>
    </file>
    <file>
      <version>
        <software_program>OpenStudio</software_program>
        <identifier>1.4.0</identifier>
        <min_compatible>2.5.0</min_compatible>
      </version>
      <filename>measure.rb</filename>
      <filetype>rb</filetype>
      <usage_type>script</usage_type>
      <checksum>168C6198</checksum>
    </file>
    <file>
      <filename>fdd_thermostat_light.rb</filename>
      <filetype>rb</filetype>
      <usage_type>resource</usage_type>
      <checksum>9E4D416E</checksum>
    </file>
    <file>
      <filename>README.md</filename>
      <filetype>md</filetype>
      <usage_type>readme</usage_type>
      <checksum>726C61D4</checksum>
    </file>
  </files>
</measure>
