<measure>
  <schema_version>3.0</schema_version>
  <name>biased_economizer_sensor_outdoor_rh</name>
  <uid>cb5d34a2-7980-44bb-8a41-1f2cb262fd81</uid>
  <version_id>373c6d14-0ea3-4a88-a551-b31a55ec283e</version_id>
  <version_modified>20200409T145322Z</version_modified>
  <xml_checksum>B7427881</xml_checksum>
  <class_name>BiasedEconomizerSensorOutdoorRH</class_name>
  <display_name>Biased Economizer Sensor: Outdoor RH</display_name>
  <description>When sensors drift and are not regularly calibrated, it causes a bias. Sensor readings often drift from their calibration with age, causing equipment control algorithms to produce outputs that deviate from their intended function. A positive bias in the economizer outdoor relative humidity (RH) sensor leads to a higher estimate in the outdoor air enthalpy, which shifts the economizer switch-off point and could cause higher cooling or heating energy consumption. This fault is categorized as a fault that occur in the economizer system (sensor) during the operation stage. This fault measure is based on a physical model where certain parameter(s) is changed in EnergyPlus to mimic the faulted operation; thus simulates the biased economizer sensor (outdoor air RH) by modifying the Controller:OutdoorAir object in EnergyPlus assigned to the heating and cooling system. The fault intensity (F) is defined as the biased RH level (%). A positive number means that the sensor is reading a relative humidity higher than the true relative humidity.</description>
  <modeler_description>Nine user inputs are required, based on these user inputs, the outdoor air RH reading in the economizer will be replaced by the equation below, RHoaF = RHoa + F*AF, where RHoaF is the biased outdoor air RH reading, RHoa is the actual outdoor air RH, F is the fault intensity and AF is the adjustment factor. To use this measure, choose the Controller:OutdoorAir object to be faulted. Set the level of relative humidity sensor bias between -100 to 100 that you want at the outdoor air duct for the economizer during the simulation period. For example, setting F=3 means the sensor is reading 25% when the actual relative humidity is 22%. The time required for the fault to reach the full level is only required when the user wants to model fault evolution. If the fault evolution is not necessary for the user, it can be defined as zero and F will be imposed as a step function with the user defined value. However, by defining the time required for the fault to reach the full level, fault starting month/date/time and fault ending month/date/time, the adjustment factor AF is calculated at each time step starting from the starting month/date/time to gradually impose F based on the user specified time frame. AF is calculated as follows, AF_current = AF_previous + dt/tau where AF_current is the adjustment factor calculated based on the previously calculated adjustment factor (AF_previous), simulation timestep (dt) and the time required for the fault to reach the full level (tau).</modeler_description>
  <arguments>
    <argument>
      <name>econ_choice</name>
      <display_name>Choice of economizers.</display_name>
      <type>Choice</type>
      <required>true</required>
      <model_dependent>false</model_dependent>
    </argument>
    <argument>
      <name>oa_rh_bias</name>
      <display_name>Enter the bias level of the return air relative humidity sensor. A positive number means that the sensor is reading a relative humidity higher than the true relative humidity. [%]</display_name>
      <type>Double</type>
      <required>false</required>
      <model_dependent>false</model_dependent>
      <default_value>-10</default_value>
    </argument>
    <argument>
      <name>time_constant</name>
      <display_name>Enter the time required for fault to reach full level [hr]</display_name>
      <type>Double</type>
      <required>false</required>
      <model_dependent>false</model_dependent>
      <default_value>0</default_value>
    </argument>
    <argument>
      <name>start_month</name>
      <display_name>Enter the month (1-12) when the fault starts to occur</display_name>
      <type>Double</type>
      <required>false</required>
      <model_dependent>false</model_dependent>
      <default_value>1</default_value>
    </argument>
    <argument>
      <name>start_date</name>
      <display_name>Enter the date (1-28/30/31) when the fault starts to occur</display_name>
      <type>Double</type>
      <required>false</required>
      <model_dependent>false</model_dependent>
      <default_value>1</default_value>
    </argument>
    <argument>
      <name>start_time</name>
      <display_name>Enter the time of day (0-24) when the fault starts to occur</display_name>
      <type>Double</type>
      <required>false</required>
      <model_dependent>false</model_dependent>
      <default_value>0</default_value>
    </argument>
    <argument>
      <name>end_month</name>
      <display_name>Enter the month (1-12) when the fault ends</display_name>
      <type>Double</type>
      <required>false</required>
      <model_dependent>false</model_dependent>
      <default_value>12</default_value>
    </argument>
    <argument>
      <name>end_date</name>
      <display_name>Enter the date (1-28/30/31) when the fault ends</display_name>
      <type>Double</type>
      <required>false</required>
      <model_dependent>false</model_dependent>
      <default_value>31</default_value>
    </argument>
    <argument>
      <name>end_time</name>
      <display_name>Enter the time of day (0-24) when the fault ends</display_name>
      <type>Double</type>
      <required>false</required>
      <model_dependent>false</model_dependent>
      <default_value>23</default_value>
    </argument>
  </arguments>
  <outputs/>
  <provenances/>
  <tags>
    <tag>HVAC.HVAC Controls</tag>
  </tags>
  <attributes>
    <attribute>
      <name>Measure Type</name>
      <value>EnergyPlusMeasure</value>
      <datatype>string</datatype>
    </attribute>
    <attribute>
      <name>Intended Software Tool</name>
      <value>OpenStudio Application</value>
      <datatype>string</datatype>
    </attribute>
    <attribute>
      <name>Intended Software Tool</name>
      <value>Parametric Analysis Tool</value>
      <datatype>string</datatype>
    </attribute>
    <attribute>
      <name>Intended Software Tool</name>
      <value>Analysis Spreadsheet</value>
      <datatype>string</datatype>
    </attribute>
  </attributes>
  <files>
    <file>
      <filename>misc_eplus_func.rb</filename>
      <filetype>rb</filetype>
      <usage_type>resource</usage_type>
      <checksum>435C6B82</checksum>
    </file>
    <file>
      <version>
        <software_program>OpenStudio</software_program>
        <identifier>1.5.0</identifier>
        <min_compatible>1.5.0</min_compatible>
      </version>
      <filename>measure.rb</filename>
      <filetype>rb</filetype>
      <usage_type>script</usage_type>
      <checksum>A2E63E6E</checksum>
    </file>
    <file>
      <filename>ControllerOutdoorAirFlow_RH.rb</filename>
      <filetype>rb</filetype>
      <usage_type>resource</usage_type>
      <checksum>E613A825</checksum>
    </file>
    <file>
      <filename>README.md</filename>
      <filetype>md</filetype>
      <usage_type>readme</usage_type>
      <checksum>C3E92430</checksum>
    </file>
  </files>
</measure>
