<measure>
  <schema_version>3.0</schema_version>
  <name>economizer_opening_stuck</name>
  <uid>2a4a6312-c5d6-40e6-a8a0-cbd552a5949b</uid>
  <version_id>e7ddc6fa-24ed-4ec9-b5d1-9bd85231ebf5</version_id>
  <version_modified>20200409T145323Z</version_modified>
  <xml_checksum>2C877DEB</xml_checksum>
  <class_name>EconomizerOpeningStuck</class_name>
  <display_name>Economizer Opening Stuck</display_name>
  <description>Stuck dampers associated with economizers can be caused by seized actuators, broken linkages, economizer control system failures, or the failure of sensors that are used to determine damper position. In extreme cases, dampers stuck at either 100% open or closed can have a serious impact on system energy consumption or occupant comfort in the space. This fault is categorized as a fault that occur in the economizer system (damper) during the operation stage. This fault measure is based on a physical model where certain parameter(s) is changed in EnergyPlus to mimic the faulted operation; thus simulates a stuck damper by modifying the Controller:OutdoorAir object in EnergyPlus. The fault intensity (F) for this fault is defined as the ratio of economizer damper at the stuck position (0 = fully closed, 1 = fully open).</description>
  <modeler_description>To use this fault measure, user should choose the economizer getting faulted, the schedule of fault prevalence when to impose fault during the simulation and the damper stuck position. If a schedule of fault prevalence is not given, the model will apply the fault to the entire simulation.</modeler_description>
  <arguments>
    <argument>
      <name>econ_choice</name>
      <display_name>Choice of economizers. If you want to impose the fault on all economizers, choose * ALL Controller:OutdoorAir *</display_name>
      <type>Choice</type>
      <required>true</required>
      <model_dependent>false</model_dependent>
      <default_value>* ALL Controller:OutdoorAir *</default_value>
      <choices>
        <choice>
          <value>* ALL Controller:OutdoorAir *</value>
          <display_name>* ALL Controller:OutdoorAir *</display_name>
        </choice>
      </choices>
    </argument>
    <argument>
      <name>schedule_exist</name>
      <display_name>Check if a schedule of fault presence is needed, or uncheck to apply the fault for the entire simulation.</display_name>
      <type>Boolean</type>
      <required>false</required>
      <model_dependent>false</model_dependent>
      <default_value>false</default_value>
      <choices>
        <choice>
          <value>true</value>
          <display_name>true</display_name>
        </choice>
        <choice>
          <value>false</value>
          <display_name>false</display_name>
        </choice>
      </choices>
    </argument>
    <argument>
      <name>sch_choice</name>
      <display_name>Choice of fault presence schedule:</display_name>
      <type>Choice</type>
      <required>true</required>
      <model_dependent>false</model_dependent>
      <default_value>Always On Discrete</default_value>
      <choices>
        <choice>
          <value>Always On Discrete</value>
          <display_name>Always On Discrete</display_name>
        </choice>
      </choices>
    </argument>
    <argument>
      <name>damper_pos</name>
      <display_name>The position of damper indicated between 0 and 1. If it is -1 and a schedule of fault prevalence is not given, the fault model will not be imposed to the building simulation without warning.</display_name>
      <type>Double</type>
      <required>false</required>
      <model_dependent>false</model_dependent>
      <default_value>0.5</default_value>
    </argument>
  </arguments>
  <outputs/>
  <provenances/>
  <tags>
    <tag>HVAC.HVAC Controls</tag>
  </tags>
  <attributes>
    <attribute>
      <name>Measure Type</name>
      <value>ModelMeasure</value>
      <datatype>string</datatype>
    </attribute>
    <attribute>
      <name>Uses SketchUp API</name>
      <value>false</value>
      <datatype>boolean</datatype>
    </attribute>
  </attributes>
  <files>
    <file>
      <filename>ScheduleRuleTransfer.rb</filename>
      <filetype>rb</filetype>
      <usage_type>resource</usage_type>
      <checksum>4F881FE6</checksum>
    </file>
    <file>
      <version>
        <software_program>OpenStudio</software_program>
        <identifier>1.3.0</identifier>
        <min_compatible>1.3.0</min_compatible>
      </version>
      <filename>measure.rb</filename>
      <filetype>rb</filetype>
      <usage_type>script</usage_type>
      <checksum>04E51E1A</checksum>
    </file>
    <file>
      <filename>README.md</filename>
      <filetype>md</filetype>
      <usage_type>readme</usage_type>
      <checksum>E6EC782B</checksum>
    </file>
  </files>
</measure>
