<measure>
  <schema_version>3.0</schema_version>
  <name>air_handling_unit_fan_motor_degradation</name>
  <uid>9814a5e9-37b7-472a-bae5-e9e2e794c024</uid>
  <version_id>c4461fbb-fa40-4f6f-b165-0b6dad2249ae</version_id>
  <version_modified>20190701T224405Z</version_modified>
  <xml_checksum>FAAEB4D1</xml_checksum>
  <class_name>AirHandlingUnitFanMotorDegradation</class_name>
  <display_name>Air Handling Unit Fan Motor Degradation</display_name>
  <description>Fan motor degradation occurs due to bearing and stator winding faults, leading to a decrease in motor efficiency and an increase in overall fan power consumption. This fault is categorized as a fault that occur in the ventilation system (fan) during the operation stage. This fault measure is based on a semi-empirical model and simulates the air handling unit fan motor degradation by modifying either the Fan:ConstantVolume, Fan:VariableVolume, or the Fan:OnOff objects in EnergyPlus assigned to the ventilation system. The fault intensity (F) for this fault is defined as the ratio of fan motor efficiency degradation with the application range of 0 to 0.3 (30% degradation).</description>
  <modeler_description>Nine user inputs are required and, based on these user inputs, the fan efficiency is recalculated to reflect the faulted operation. η_(fan,tot,F) = η_(fan,tot)∙(1-F), where η_(fan,tot,F) is the degraded total efficiency under faulted condition, η_(fan,tot) is the total efficiency under normal condition, and F is the fault intensity. The time required for the fault to reach the full level is only required when the user wants to model fault evolution. If the fault evolution is not necessary for the user, it can be defined as zero and the F will be imposed as a step function with the user defined value. However, by defining the time required for the fault to reach the full level, fault starting month/date/time and fault ending month/date/time, the adjustment factor AF is calculated at each time step starting from the starting month/date/time to gradually impose F based on the user specified time frame. AF is calculated as follows, AF_current = AF_previous + dt/tau where AF_current is the adjustment factor calculated based on the previously calculated adjustment factor (AF_previous), simulation timestep (dt) and the time required for the fault to reach the full level (tau).</modeler_description>
  <arguments>
    <argument>
      <name>fan_choice</name>
      <display_name>Enter the name of the faulted Fan:ConstantVolume, Fan:OnOff object or Fan:VariableVolume. If you want to impose the fault on all fan objects in the building, enter * ALL Fan objects *</display_name>
      <type>Choice</type>
      <required>true</required>
      <model_dependent>false</model_dependent>
      <default_value>* ALL Fan objects *</default_value>
      <choices>
        <choice>
          <value>* ALL Fan objects *</value>
          <display_name>* ALL Fan objects *</display_name>
        </choice>
      </choices>
    </argument>
    <argument>
      <name>eff_degrad_fac</name>
      <display_name>Degradation factor of the total efficiency of the fan during the simulation period. If the fan is not faulted, set it to zero.</display_name>
      <type>Double</type>
      <required>false</required>
      <model_dependent>false</model_dependent>
      <default_value>0.15</default_value>
    </argument>
    <argument>
      <name>time_constant</name>
      <display_name>Enter the time required for fault to reach full level [hr]</display_name>
      <type>Double</type>
      <required>false</required>
      <model_dependent>false</model_dependent>
      <default_value>0</default_value>
    </argument>
    <argument>
      <name>start_month</name>
      <display_name>Enter the month (1-12) when the fault starts to occur</display_name>
      <type>Double</type>
      <required>false</required>
      <model_dependent>false</model_dependent>
      <default_value>1</default_value>
    </argument>
    <argument>
      <name>start_date</name>
      <display_name>Enter the date (1-28/30/31) when the fault starts to occur</display_name>
      <type>Double</type>
      <required>false</required>
      <model_dependent>false</model_dependent>
      <default_value>1</default_value>
    </argument>
    <argument>
      <name>start_time</name>
      <display_name>Enter the time of day (0-24) when the fault starts to occur</display_name>
      <type>Double</type>
      <required>false</required>
      <model_dependent>false</model_dependent>
      <default_value>1</default_value>
    </argument>
    <argument>
      <name>end_month</name>
      <display_name>Enter the month (1-12) when the fault ends</display_name>
      <type>Double</type>
      <required>false</required>
      <model_dependent>false</model_dependent>
      <default_value>12</default_value>
    </argument>
    <argument>
      <name>end_date</name>
      <display_name>Enter the date (1-28/30/31) when the fault ends</display_name>
      <type>Double</type>
      <required>false</required>
      <model_dependent>false</model_dependent>
      <default_value>31</default_value>
    </argument>
    <argument>
      <name>end_time</name>
      <display_name>Enter the time of day (0-24) when the fault ends</display_name>
      <type>Double</type>
      <required>false</required>
      <model_dependent>false</model_dependent>
      <default_value>23</default_value>
    </argument>
  </arguments>
  <outputs/>
  <provenances/>
  <tags>
    <tag>HVAC.Ventilation</tag>
  </tags>
  <attributes>
    <attribute>
      <name>Measure Type</name>
      <value>EnergyPlusMeasure</value>
      <datatype>string</datatype>
    </attribute>
    <attribute>
      <name>Intended Software Tool</name>
      <value>OpenStudio Application</value>
      <datatype>string</datatype>
    </attribute>
    <attribute>
      <name>Intended Software Tool</name>
      <value>Parametric Analysis Tool</value>
      <datatype>string</datatype>
    </attribute>
    <attribute>
      <name>Intended Software Tool</name>
      <value>Analysis Spreadsheet</value>
      <datatype>string</datatype>
    </attribute>
  </attributes>
  <files>
    <file>
      <filename>dynamicfaultimplementation.rb</filename>
      <filetype>rb</filetype>
      <usage_type>resource</usage_type>
      <checksum>932A95D8</checksum>
    </file>
    <file>
      <version>
        <software_program>OpenStudio</software_program>
        <identifier>1.5.0</identifier>
        <min_compatible>1.5.0</min_compatible>
      </version>
      <filename>measure.rb</filename>
      <filetype>rb</filetype>
      <usage_type>script</usage_type>
      <checksum>C907F591</checksum>
    </file>
  </files>
</measure>
